Gercek_Kalori,Tahmin_Kalori,Hata,Mutlak_Hata,Yuzde_Hata
106.0,147.7358306134107,-41.73583061341071,41.73583061341071,39.37342510699124
75.0,77.78242171224505,-2.7824217122450534,2.7824217122450534,3.709895616326738
160.0,171.40832582216652,-11.408325822166518,11.408325822166518,7.130203638854074
63.0,75.16556767794302,-12.165567677943017,12.165567677943017,19.310424885623835
204.0,184.82881772232636,19.171182277673637,19.171182277673637,9.397638371408645
110.0,138.91597936273823,-28.915979362738227,28.915979362738227,26.28725396612566
925.0,862.230361487739,62.769638512261054,62.769638512261054,6.785906866190385
501.0,497.20500241050576,3.794997589494244,3.794997589494244,0.7574845488012463
280.0,274.5033426632514,5.496657336748626,5.496657336748626,1.9630919059816523
808.0,770.0886422328284,37.91135776717158,37.91135776717158,4.6919997236598485
920.0,859.247180243748,60.75281975625205,60.75281975625205,6.603567364810006
542.0,506.3217225595612,35.67827744043882,35.67827744043882,6.58270801484111
970.0,810.1019157197918,159.8980842802082,159.8980842802082,16.484338585588475
31.0,119.05278033312275,-88.05278033312275,88.05278033312275,284.04122688104115
667.0,723.1238282095998,-56.123828209599765,56.123828209599765,8.414367047916006
410.0,398.3586263560924,11.641373643907627,11.641373643907627,2.8393594253433236
471.0,262.747937706337,208.25206229366302,208.25206229366302,44.21487522158451
723.0,773.9860309572018,-50.98603095720182,50.98603095720182,7.05200981427411
190.0,200.16085261567687,-10.160852615676873,10.160852615676873,5.347817166145723
440.0,425.2056222939896,14.79437770601038,14.79437770601038,3.3623585695478138
180.0,192.5572392497293,-12.557239249729292,12.557239249729292,6.976244027627384
650.0,670.0827490421495,-20.082749042149544,20.082749042149544,3.0896536987922376
636.0,678.5580030944864,-42.55800309448637,42.55800309448637,6.691509920516723
153.0,161.87974626125322,-8.879746261253217,8.879746261253217,5.8037557263092925
489.0,434.0418838795138,54.95811612048618,54.95811612048618,11.238878552246662
860.0,841.3269332219852,18.6730667780148,18.6730667780148,2.1712868346528835
90.0,86.87647039818651,3.1235296018134875,3.1235296018134875,3.4705884464594305
238.0,235.55796565548368,2.4420343445163155,2.4420343445163155,1.0260648506371075
138.0,172.7680912112252,-34.7680912112252,34.7680912112252,25.19426899364145
600.0,584.6730212432594,15.326978756740573,15.326978756740573,2.554496459456762
580.0,615.8490255307402,-35.849025530740164,35.849025530740164,6.18086647081727
678.0,699.6000054394761,-21.60000543947615,21.60000543947615,3.18584151024722
347.0,358.09470891656053,-11.094708916560535,11.094708916560535,3.1973224543402115
42.0,72.58151347360545,-30.581513473605455,30.581513473605455,72.81312731810823
23.0,51.17073634528527,-28.17073634528527,28.17073634528527,122.48146237080553
250.0,211.43652320501118,38.563476794988816,38.563476794988816,15.425390717995526
930.0,891.4679500631885,38.53204993681152,38.53204993681152,4.143231176001239
376.0,360.04044011999616,15.959559880003837,15.959559880003837,4.244563797873361
980.0,895.4330202283066,84.56697977169335,84.56697977169335,8.629283650172791
160.0,175.88595478571872,-15.885954785718724,15.885954785718724,9.928721741074202
321.0,289.8018761164533,31.198123883546714,31.198123883546714,9.719041708270005
961.0,862.230361487739,98.76963851226105,98.76963851226105,10.277797972139547
700.0,683.2343026121811,16.765697387818932,16.765697387818932,2.395099626831276
190.0,196.42683637356774,-6.426836373567738,6.426836373567738,3.3825454597724938
895.0,854.6934451980975,40.30655480190251,40.30655480190251,4.5035256761902245
190.0,190.66396371409837,-0.6639637140983723,0.6639637140983723,0.3494545863675644
423.0,395.99639952742166,27.00360047257834,27.00360047257834,6.383829898954691
100.0,138.06691882983,-38.06691882983,38.06691882983,38.06691882983
115.0,691.7299716549061,-576.7299716549061,576.7299716549061,501.5043231781792
279.0,305.47610823384474,-26.47610823384474,26.47610823384474,9.489644528259763
136.0,153.5315918364681,-17.531591836468095,17.531591836468095,12.890876350344188
160.0,165.64325243556004,-5.6432524355600435,5.6432524355600435,3.527032772225027
100.0,103.0262428019596,-3.0262428019595973,3.0262428019595973,3.0262428019595973
900.0,871.9920512036679,28.00794879633213,28.00794879633213,3.11199431070357
733.0,695.0719156081433,37.928084391856714,37.928084391856714,5.174363491385636
630.0,653.4124749226644,-23.412474922664387,23.412474922664387,3.716265860740379
152.0,142.25132071127624,9.748679288723764,9.748679288723764,6.413604795213003
670.0,658.4821755715456,11.517824428454446,11.517824428454446,1.7190782729036487
51.0,56.66489267146098,-5.664892671460983,5.664892671460983,11.107632689139182
980.0,904.7386555494586,75.2613444505414,75.2613444505414,7.6797290255654485
190.0,196.42683637356774,-6.426836373567738,6.426836373567738,3.3825454597724938
240.0,260.03258251237145,-20.032582512371448,20.032582512371448,8.34690938015477
129.0,146.94300724355435,-17.943007243554348,17.943007243554348,13.909307940739804
957.0,882.4712538944624,74.5287461055376,74.5287461055376,7.787747764423993
833.0,835.3353588271918,-2.3353588271918397,2.3353588271918397,0.2803552013435582
853.0,732.2947265738312,120.70527342616879,120.70527342616879,14.150676837768907
630.0,650.827030817505,-20.827030817505033,20.827030817505033,3.3058779075404816
837.0,813.5923203277433,23.407679672256677,23.407679672256677,2.796616448298289
309.0,316.54536199505185,-7.545361995051849,7.545361995051849,2.4418647233177504
170.0,175.65427688265493,-5.654276882654926,5.654276882654926,3.326045225091133
324.0,324.99411524506456,-0.9941152450645632,0.9941152450645632,0.30682569292116146
430.0,417.4766316729685,12.523368327031505,12.523368327031505,2.9124112388445362
500.0,520.5279422114467,-20.527942211446657,20.527942211446657,4.105588442289331
126.0,141.3179797585394,-15.317979758539394,15.317979758539394,12.157126792491582
204.0,232.5887130187563,-28.588713018756295,28.588713018756295,14.014075009194263
416.0,394.97251726411076,21.027482735889237,21.027482735889237,5.054683349973374
322.0,328.245176173774,-6.245176173773984,6.245176173773984,1.9394957061409888
470.0,447.2353227829573,22.764677217042674,22.764677217042674,4.843548344051633
901.0,802.7575045560312,98.24249544396878,98.24249544396878,10.903717585346147
946.0,884.6797758053499,61.32022419465011,61.32022419465011,6.482053297531724
779.0,766.6713876045516,12.328612395448431,12.328612395448431,1.5826203331769488
821.0,873.3973810533721,-52.3973810533721,52.3973810533721,6.3821414194119495
330.0,326.5971144666677,3.4028855333323236,3.4028855333323236,1.0311774343431284
888.0,868.6557225313111,19.344277468688915,19.344277468688915,2.178409624852355
440.0,433.5859916475934,6.414008352406597,6.414008352406597,1.4577291710014995
79.0,84.85557857248283,-5.855578572482827,5.855578572482827,7.412124775294718
113.0,144.37676366599894,-31.376763665998936,31.376763665998936,27.767047492034457
630.0,654.6344731145373,-24.634473114537286,24.634473114537286,3.910233827704331
448.0,431.2237648189227,16.77623518107731,16.77623518107731,3.7446953529190425
657.0,723.74478262492,-66.74478262492005,66.74478262492005,10.159023230581438
22.0,51.17073634528527,-29.17073634528527,29.17073634528527,132.59425611493305
73.0,99.7634421456154,-26.7634421456154,26.7634421456154,36.66224951454164
457.0,434.0418838795138,22.95811612048618,22.95811612048618,5.023657794417107
600.0,740.4454851519031,-140.44548515190309,140.44548515190309,23.407580858650515
290.0,280.52697214077176,9.473027859228239,9.473027859228239,3.2665613307683583
920.0,773.4279318661735,146.57206813382652,146.57206813382652,15.931746536285491
200.0,207.56692608117274,-7.566926081172738,7.566926081172738,3.783463040586369
180.0,193.89183688994657,-13.891836889946575,13.891836889946575,7.717687161081431
310.0,303.683322525729,6.316677474270989,6.316677474270989,2.0376378949261253
118.0,138.65717382198483,-20.657173821984827,20.657173821984827,17.50607951015663
203.0,211.57600004651323,-8.57600004651323,8.57600004651323,4.2246305647848414
50.0,56.04393825614073,-6.043938256140727,6.043938256140727,12.087876512281454
978.0,874.6144989575799,103.38550104242006,103.38550104242006,10.571114626014321
644.0,661.683886951096,-17.683886951096042,17.683886951096042,2.7459451787416214
275.0,284.44037452997065,-9.440374529970654,9.440374529970654,3.4328634654438743
406.0,396.5934602229895,9.406539777010494,9.406539777010494,2.316881718475491
948.0,858.6262258284277,89.37377417157234,89.37377417157234,9.427613309237588
804.0,873.3973810533721,-69.3973810533721,69.3973810533721,8.631515056389565
860.0,883.5624573751262,-23.5624573751262,23.5624573751262,2.7398206250146746
772.0,721.6781950380591,50.32180496194087,50.32180496194087,6.518368518386124
35.0,66.57938180079452,-31.579381800794522,31.579381800794522,90.22680514512722
750.0,740.5321247718799,9.467875228120079,9.467875228120079,1.2623833637493438
121.0,136.89508753703456,-15.895087537034556,15.895087537034556,13.136435981020295
140.0,139.53693377805848,0.46306622194151714,0.46306622194151714,0.33076158710108367
93.0,100.38439656093566,-7.384396560935656,7.384396560935656,7.940211355844791
698.0,693.4393279406961,4.560672059303897,4.560672059303897,0.6533914125077217
180.0,192.5572392497293,-12.557239249729292,12.557239249729292,6.976244027627384
237.0,216.53776717143688,20.462232828563117,20.462232828563117,8.633853514161654
153.0,161.87974626125322,-8.879746261253217,8.879746261253217,5.8037557263092925
7.0,51.17073634528527,-44.17073634528527,44.17073634528527,631.0105192183611
270.0,262.38957904094,7.610420959059979,7.610420959059979,2.8186744292814736
457.0,433.4209294641936,23.57907053580641,23.57907053580641,5.159534034093307
540.0,546.1852616887477,-6.185261688747687,6.185261688747687,1.1454188312495717
179.0,192.5572392497293,-13.557239249729292,13.557239249729292,7.57387667582642
755.0,766.6713876045516,-11.671387604551569,11.671387604551569,1.5458791529207376
653.0,675.9330602911143,-22.933060291114316,22.933060291114316,3.511954102774015
907.0,871.0905224511139,35.909477548886116,35.909477548886116,3.9591485720932873
180.0,192.5572392497293,-12.557239249729292,12.557239249729292,6.976244027627384
270.0,288.24231233615535,-18.24231233615535,18.24231233615535,6.756411976353833
614.0,653.1823781581152,-39.18237815811517,39.18237815811517,6.381494814025272
198.0,207.20950076088724,-9.209500760887238,9.209500760887238,4.65126301054911
43.0,59.23880317366588,-16.23880317366588,16.23880317366588,37.76465854340902
559.0,571.4009567398314,-12.400956739831372,12.400956739831372,2.2184180214367393
345.0,366.9092415988069,-21.909241598806886,21.909241598806886,6.350504811248372
260.0,275.71418847623016,-15.714188476230163,15.714188476230163,6.043918644703909
600.0,592.3776521952457,7.622347804754327,7.622347804754327,1.2703913007923877
530.0,546.6303556448786,-16.63035564487859,16.63035564487859,3.137802951863885
146.0,138.91597936273823,7.084020637261773,7.084020637261773,4.8520689296313515
672.0,683.8403710491426,-11.840371049142618,11.840371049142618,1.7619599775509847
910.0,862.8189327896091,47.18106721039089,47.18106721039089,5.184732660482515
630.0,597.4058868672352,32.594113132764846,32.594113132764846,5.1736687512325155
850.0,856.1176908758428,-6.117690875842754,6.117690875842754,0.7197283383344416
280.0,241.15922363177302,38.84077636822698,38.84077636822698,13.87170584579535
390.0,395.37544511210143,-5.375445112101431,5.375445112101431,1.3783192595131877
154.0,180.85981935743536,-26.859819357435356,26.859819357435356,17.441441141191792
318.0,269.61699543701496,48.383004562985036,48.383004562985036,15.214781309114791
992.0,720.7506853658674,271.2493146341326,271.2493146341326,27.343680910698847
720.0,740.2226677652601,-20.2226677652601,20.2226677652601,2.808703856286125
280.0,242.6366327252761,37.36336727472391,37.36336727472391,13.344059740972828
182.0,192.5572392497293,-10.557239249729292,10.557239249729292,5.800680906444667
334.0,344.3185946319469,-10.318594631946894,10.318594631946894,3.0893995904032616
531.0,532.2729684386501,-1.2729684386500821,1.2729684386500821,0.23973040275896085
861.0,883.5624573751262,-22.5624573751262,22.5624573751262,2.6204944686557723
650.0,670.0827490421495,-20.082749042149544,20.082749042149544,3.0896536987922376
500.0,473.10872495496983,26.89127504503017,26.89127504503017,5.378255009006034
775.0,719.0179165528122,55.98208344718785,55.98208344718785,7.2234946383468195
956.0,892.8514444212249,63.14855557877513,63.14855557877513,6.605497445478569
723.0,735.4965843700161,-12.49658437001608,12.49658437001608,1.728434905949665
432.0,409.12683966629385,22.873160333706153,22.873160333706153,5.294713040209758
53.0,75.84431412994965,-22.84431412994965,22.84431412994965,43.10247949047104
570.0,551.8153340996774,18.184665900322557,18.184665900322557,3.1902922632144834
730.0,735.5091804637129,-5.509180463712937,5.509180463712937,0.754682255303142
473.0,441.77087450053494,31.229125499465056,31.229125499465056,6.602352114051809
394.0,398.484375073689,-4.484375073689023,4.484375073689023,1.13816626235762
550.0,548.981616117755,1.0183838822449616,1.0183838822449616,0.1851607058627203
150.0,151.07480264879817,-1.074802648798169,1.074802648798169,0.7165350991987793
80.0,104.86207757430924,-24.86207757430924,24.86207757430924,31.07759696788655
211.0,231.96775860343604,-20.96775860343604,20.96775860343604,9.937326352339355
130.0,144.37676366599894,-14.376763665998936,14.376763665998936,11.059048973845336
808.0,775.3908204340308,32.60917956596916,32.60917956596916,4.035789550243708
197.0,207.20950076088724,-10.209500760887238,10.209500760887238,5.182487695881846
180.0,182.63693583328225,-2.6369358332822515,2.6369358332822515,1.464964351823473
556.0,552.4362885149977,3.5637114850022726,3.5637114850022726,0.6409553030579627
850.0,478.0549722343766,371.9450277656234,371.9450277656234,43.758238560661574
620.0,622.3176582737485,-2.3176582737485205,2.3176582737485205,0.3738158506046001
95.0,90.64517179966131,4.354828200338687,4.354828200338687,4.584029684567039
791.0,797.0715309216428,-6.071530921642761,6.071530921642761,0.767576601977593
460.0,434.0418838795138,25.95811612048618,25.95811612048618,5.643068721844822
620.0,619.6205298682731,0.37947013172686184,0.37947013172686184,0.06120485995594546
46.0,63.73987614793653,-17.739876147936528,17.739876147936528,38.564948147688106
392.0,404.52588034149716,-12.525880341497157,12.525880341497157,3.19537763813703
264.0,240.4240491650211,23.575950834978897,23.575950834978897,8.930284407188976
320.0,322.28626947488175,-2.286269474881749,2.286269474881749,0.7144592109005465
360.0,352.03237193471074,7.9676280652892615,7.9676280652892615,2.213230018135906
395.0,190.49979593131687,204.50020406868313,204.50020406868313,51.77220356169193
200.0,215.5496812322315,-15.549681232231507,15.549681232231507,7.774840616115754
247.0,260.9879728364093,-13.987972836409313,13.987972836409313,5.663146897331705
650.0,670.0827490421495,-20.082749042149544,20.082749042149544,3.0896536987922376
755.0,761.3369458876841,-6.336945887684124,6.336945887684124,0.8393305811502151
855.0,794.3891764360197,60.61082356398026,60.61082356398026,7.088985212161434
192.0,196.42683637356774,-4.426836373567738,4.426836373567738,2.3056439445665307
710.0,724.6613762820501,-14.661376282050128,14.661376282050128,2.064982574936638
183.0,179.99508959225832,3.0049104077416757,3.0049104077416757,1.6420275452140305
732.0,731.9438578375847,0.05614216241531267,0.05614216241531267,0.007669694319031785
241.0,230.26879213485657,10.731207865143432,10.731207865143432,4.452783346532544
263.0,256.5103438728571,6.489656127142894,6.489656127142894,2.467549858229237
460.0,471.25488489680356,-11.25488489680356,11.25488489680356,2.4467141080007737
979.0,882.4712538944624,96.5287461055376,96.5287461055376,9.859933207920083
360.0,346.71859657014386,13.281403429856141,13.281403429856141,3.6892787305155945
880.0,885.2315067694792,-5.231506769479211,5.231506769479211,0.5944894056226376
62.0,72.76356728214182,-10.763567282141821,10.763567282141821,17.360592390551325
264.0,273.1077288125812,-9.107728812581172,9.107728812581172,3.449897277492868
819.0,767.8687705443959,51.13122945560406,51.13122945560406,6.243129359658615
390.0,373.4374073085661,16.562592691433906,16.562592691433906,4.246818638829207
482.0,523.7380558839225,-41.73805588392247,41.73805588392247,8.659347693759848
986.0,814.0630783782489,171.93692162175114,171.93692162175114,17.437821665492002
817.0,866.0327450651845,-49.032745065184486,49.032745065184486,6.001559983498713
200.0,184.29570881994857,15.704291180051428,15.704291180051428,7.852145590025714
960.0,643.489486252777,316.51051374722294,316.51051374722294,32.96984518200239
628.0,638.3317490426228,-10.331749042622846,10.331749042622846,1.6451829685705168
520.0,465.6078404515367,54.392159548463326,54.392159548463326,10.460030682396795
670.0,668.3090055934402,1.6909944065597529,1.6909944065597529,0.25238722485966464
630.0,638.9192802991189,-8.919280299118896,8.919280299118896,1.41575877763792
397.0,393.61027897899856,3.389721021001435,3.389721021001435,0.8538340103278175
153.0,161.87974626125322,-8.879746261253217,8.879746261253217,5.8037557263092925
530.0,576.1456898547552,-46.14568985475523,46.14568985475523,8.706733934859479
510.0,489.93260206102514,20.067397938974864,20.067397938974864,3.9347839096029147
176.0,175.65427688265493,0.34572311734507366,0.34572311734507366,0.19643358940061004
436.6,389.9717168866472,46.628283113352836,46.628283113352836,10.67986328752928
976.0,885.4544351384534,90.54556486154661,90.54556486154661,9.277209514502726
594.0,891.4679500631885,-297.4679500631885,297.4679500631885,50.07877947191726
667.0,659.1632402822853,7.836759717714699,7.836759717714699,1.1749264944099997
361.0,328.245176173774,32.754823826226016,32.754823826226016,9.073358400616625
42.0,74.38004752045921,-32.380047520459215,32.380047520459215,77.0953512391886
930.0,818.605416204381,111.39458379561904,111.39458379561904,11.977912236088068
321.9,325.86213547350343,-3.9621354735034515,3.9621354735034515,1.23085910950713
263.0,273.89612643317014,-10.896126433170139,10.896126433170139,4.143013852916402
870.0,803.182965486158,66.81703451384203,66.81703451384203,7.680118909637016
448.0,424.1408170323774,23.859182967622587,23.859182967622587,5.325710483844327
1.4,56.610449039259876,-55.21044903925988,55.21044903925988,3943.6035028042775
84.0,88.12215187027529,-4.122151870275289,4.122151870275289,4.9073236550896295
390.0,359.82501497411675,30.174985025883245,30.174985025883245,7.737175647662371
920.0,885.2315067694792,34.76849323052079,34.76849323052079,3.7791840467957383
180.0,197.23873615005832,-17.238736150058315,17.238736150058315,9.577075638921286
90.0,51.791690760605526,38.208309239394474,38.208309239394474,42.45367693266053
393.0,360.04044011999616,32.95955988000384,32.95955988000384,8.386656458016244
850.0,803.8039199014783,46.19608009852175,46.19608009852175,5.434832952767264
776.0,718.8795301474308,57.12046985256916,57.12046985256916,7.360885290279532
603.0,618.7514496324009,-15.751449632400863,15.751449632400863,2.6121807018906904
298.0,302.8310348625924,-4.831034862592389,4.831034862592389,1.6211526384538217
530.0,515.4155078450332,14.584492154966824,14.584492154966824,2.75179097263525
218.0,227.62694589383264,-9.62694589383264,9.62694589383264,4.416030226528735
98.0,136.89508753703456,-38.895087537034556,38.895087537034556,39.688864833708735
933.0,866.401820867221,66.59817913277902,66.59817913277902,7.138068502977387
860.0,843.6891600506559,16.310839949344086,16.310839949344086,1.8966092964353587
281.0,291.4408458979426,-10.440845897942609,10.440845897942609,3.7156035223995048
502.0,555.6883293174701,-53.68832931747011,53.68832931747011,10.694886318221137
657.0,695.3163937527706,-38.31639375277064,38.31639375277064,5.832023402248194
254.0,273.7386217000384,-19.73862170003838,19.73862170003838,7.77111090552692
913.0,876.647867809851,36.35213219014895,36.35213219014895,3.9816136024259525
454.0,426.2471783549071,27.752821645092922,27.752821645092922,6.112956309491833
691.0,658.4821755715456,32.517824428454446,32.517824428454446,4.705908021484001
190.0,200.16085261567687,-10.160852615676873,10.160852615676873,5.347817166145723
858.0,785.3792447292784,72.62075527072159,72.62075527072159,8.463957490760093
720.0,754.0495393342737,-34.04953933427373,34.04953933427373,4.729102685315796
207.0,222.42606768276264,-15.426067682762636,15.426067682762636,7.452206610030259
530.0,515.3222957642547,14.677704235745296,14.677704235745296,2.769378157687792
206.0,181.79645077343403,24.20354922656597,24.20354922656597,11.74929574105144
430.0,413.57643797945724,16.42356202054276,16.42356202054276,3.8194330280332
680.0,688.5538583506898,-8.55385835068978,8.55385835068978,1.2579203456896735
68.0,89.33325958585637,-21.333259585856368,21.333259585856368,31.372440567435834
996.0,884.3179843596848,111.68201564031517,111.68201564031517,11.21305377914811
553.0,556.8092694949468,-3.8092694949467614,3.8092694949467614,0.6888371600265392
147.0,141.07091394542078,5.929086054579216,5.929086054579216,4.033391873863412
800.0,813.1398825771792,-13.13988257717915,13.13988257717915,1.6424853221473938
942.0,871.0905224511139,70.90947754888612,70.90947754888612,7.527545387355214
574.0,550.428309680019,23.57169031998103,23.57169031998103,4.106566257836416
702.0,723.1238282095998,-21.123828209599765,21.123828209599765,3.009092337549824
115.0,143.30563517953328,-28.305635179533283,28.305635179533283,24.613595808289812
988.0,877.5044728331096,110.49552716689038,110.49552716689038,11.183757810414006
942.0,884.6797758053499,57.32022419465011,57.32022419465011,6.084949489877931
530.0,535.9916571729655,-5.991657172965461,5.991657172965461,1.1305013533897097
274.0,268.15555596184646,5.84444403815354,5.84444403815354,2.1330087730487373
537.0,531.2401404474623,5.759859552537705,5.759859552537705,1.0725995442342096
103.0,139.27812823730508,-36.27812823730508,36.27812823730508,35.22148372553892
36.0,53.81258258630919,-17.81258258630919,17.81258258630919,49.479396073081084
12.0,59.2522952802838,-47.2522952802838,47.2522952802838,393.7691273356984
230.0,234.62856453999052,-4.628564539990521,4.628564539990521,2.01241936521327
500.0,460.3412196500824,39.658780349917606,39.658780349917606,7.931756069983521
384.0,379.0669810894627,4.933018910537328,4.933018910537328,1.2846403412857623
952.0,883.4058880444978,68.59411195550217,68.59411195550217,7.205263860872077
792.0,810.2043247162646,-18.204324716264637,18.204324716264637,2.298525848013212
223.0,281.98381722630546,-58.98381722630546,58.98381722630546,26.450142253948638
850.0,873.3973810533721,-23.3973810533721,23.3973810533721,2.7526330651026
570.0,579.6417119362674,-9.64171193626737,9.64171193626737,1.6915284098714685
610.0,635.0859067076178,-25.085906707617823,25.085906707617823,4.1124437225602986
304.0,297.34510653733025,6.654893462669747,6.654893462669747,2.1891096916676798
3.0,78.02122616758007,-75.02122616758007,75.02122616758007,2500.7075389193355
712.0,721.5983818594658,-9.598381859465803,9.598381859465803,1.3480873398126128
