antecedents,consequents,support,confidence,lift,conviction,zhangs_metric
KABAK,PATLICAN,0.005284434054159361,0.3054187192118227,15.020017108639864,1.4104409584485316,0.9498568497675982
"KIVIRCIK, MAYDANOZ",YESIL SOGAN,0.004383401519579193,0.3574975173783515,14.828563690529926,1.5188910829734321,0.9441390022312348
DERE OTU,MAYDANOZ,0.006368108318721995,0.5112414467253177,12.068766178975824,1.9593299970777323,0.9287096501560721
MOR LAHANA,HAVUC,0.0038476524449639585,0.48540706605222733,11.77710827791354,1.8631889137015103,0.9224010643370195
"MAYDANOZ, YESIL SOGAN",KIVIRCIK,0.004383401519579193,0.4736842105263158,10.906290115532734,1.817478813559322,0.9167936617179563
YESIL SOGAN,KIVIRCIK,0.010788038184297681,0.4474747474747474,10.30283321015028,1.7312652991664854,0.9252458009116543
"HAVUC, MAYDANOZ",KIVIRCIK,0.003226670563023573,0.4372937293729373,10.06842147629397,1.6999415974949053,0.9073748352684516
TURP,HAVUC,0.003774595752970972,0.4041720990873533,9.806158391091921,1.609162390905204,0.9064890406793141
"KIVIRCIK, YESIL SOGAN",MAYDANOZ,0.004383401519579193,0.40632054176072235,9.591921084715322,1.613057823492069,0.90551432072628
ROKA,MAYDANOZ,0.00360413013832067,0.39153439153439157,9.242867636658957,1.5738593626915358,0.9000939628612539
YESIL SOGAN,MAYDANOZ,0.009253847652444963,0.3838383838383838,9.0611896487148,1.5542014783800098,0.9116171267365899
MOR LAHANA,KIVIRCIK,0.003092733294369764,0.3901689708141321,8.983402645086358,1.5685784271869527,0.8957841732834317
ROKA,KIVIRCIK,0.003421488408338204,0.37169312169312174,8.558007484836754,1.5224531668153434,0.8913554252750385
PIRASA,HAVUC,0.003628482368984999,0.3445086705202312,8.358584370010503,1.4626949381032437,0.889733491892717
"DOMATES, MAYDANOZ",KIVIRCIK,0.0031779661016949155,0.3456953642384106,7.95942497173316,1.4619609037260688,0.8824753501366137
ELMA IRI,PORTAKAL,0.006489869472043639,0.46227233304423243,7.668249276561648,1.7475687243516023,0.8819742270997174
KIRMIZI MERCIMEK,OSMANCIK PIRINC KG.,0.006660335086693941,0.3204452255418863,7.482947251437031,1.408534879532034,0.884752059017028
"DOMATES, KIVIRCIK",MAYDANOZ,0.0031779661016949155,0.3140794223826715,7.4144049443644855,1.3961372876229146,0.873970551287821
"HAVUC, PATATES",SOGAN,0.003153613871030586,0.37645348837209297,7.37005294231782,1.521813013922891,0.8716174496135204
"HAVUC, KIVIRCIK",MAYDANOZ,0.003226670563023573,0.3084982537834692,7.282651505239654,1.3848689464618258,0.8718058383792748
"HAVUC, SOGAN",PATATES,0.003153613871030586,0.4375,7.153294843718894,1.6690477736649565,0.8664498766539583
"DOMATES, PATATES",SOGAN,0.003689362945645821,0.35985748218527314,7.045143098191207,1.4823592712149947,0.8669464269459203
EMEK AYCICEK YAG 5LT EKO.PET ŞİŞE,TOZ SEKER,0.0032144944476914087,0.38150289017341044,6.853033544217378,1.526815219825538,0.8613367329168695
SALATALIK,DOMATES,0.010179232417689461,0.4528710725893825,6.693070982476301,1.7040541641832216,0.8701502145129806
ELMA GOLDEN,PORTAKAL,0.006952561854665887,0.3894952251023192,6.461010674046308,1.5392443951776595,0.8605870919020759
CARLISTON,DOMATES,0.011104617182933957,0.4243834341554211,6.272046550353864,1.6197194146613578,0.8631479442081617
SIVRI BIBER,DOMATES,0.010629748684979545,0.406046511627907,6.001041552452177,1.5697143721716518,0.8557650318327803
"DOMATES, SOGAN",PATATES,0.003689362945645821,0.36550060313630883,5.976076753808236,1.479653688131445,0.8411567746277574
SOGAN,PATATES,0.017618838885641926,0.34493444576877236,5.639812096774385,1.4331991151455705,0.8669730757954148
ARMUT DEVECI,PORTAKAL,0.0031292616403662574,0.3381578947368421,5.609418618248307,1.4198493047171867,0.8294035801031927
ELMA EKSI,PORTAKAL,0.003945061367621274,0.32238805970149254,5.347826008314316,1.386805628862564,0.8230801558310403
